{
    "J_": {
        "b": 0.21847642620144153,
        "p": 0.7815235737985585
    },
    "J_b": {
        "b": 1.5000150001500015e-05,
        "p": 0.9999849998499984
    },
    "J_p": {
        "b": 0.33043497578373154,
        "p": 0.6695650242162685
    },
    "J_pb": {
        "b": 9.596447572972475e-06,
        "p": 0.9999904035524271
    },
    "K_": {
        "b": 0.6647959651406199,
        "p": 0.33520403485938005
    },
    "K_b": {
        "b": 0.999985000299994,
        "p": 1.499970000599988e-05
    },
    "K_p": {
        "b": 0.999940001199976,
        "p": 5.999880002399952e-05
    },
    "K_pb": {
        "b": 0.9999776246726411,
        "p": 2.2375327358893172e-05
    },
    "Q_": {
        "b": 7.124857502849943e-05,
        "p": 0.9999287514249715
    },
    "Q_b": {
        "b": 0.3389956306190472,
        "p": 0.6610043693809529
    },
    "Q_p": {
        "b": 0.00011500115001150008,
        "p": 0.9998849988499884
    },
    "Q_pb": {
        "b": 0.5554963315379653,
        "p": 0.44450366846203465
    }
}