{
    "A_": {
        "b": 0.7485060225089711,
        "p": 0.25149397749102886
    },
    "A_b": {
        "b": 0.99999,
        "p": 1e-05
    },
    "A_p": {
        "b": 0.99998,
        "p": 2e-05
    },
    "A_pb": {
        "b": 0.9999801180129326,
        "p": 1.9881987067379064e-05
    },
    "J_": {
        "b": 0.2469756705676432,
        "p": 0.7530243294323568
    },
    "J_b": {
        "b": 1e-05,
        "p": 0.99999
    },
    "J_p": {
        "b": 0.5063769385288885,
        "p": 0.4936230614711115
    },
    "J_pb": {
        "b": 6.639758911599791e-06,
        "p": 0.9999933602410884
    },
    "K_": {
        "b": 0.0004748036855689928,
        "p": 0.9995251963144309
    },
    "K_b": {
        "b": 0.8465778155933446,
        "p": 0.15342218440665545
    },
    "K_p": {
        "b": 0.5140248623949959,
        "p": 0.48597513760500405
    },
    "K_pb": {
        "b": 0.9999949976248539,
        "p": 5.002375146155993e-06
    },
    "Q_": {
        "b": 0.0018279517848995505,
        "p": 0.9981720482151004
    },
    "Q_b": {
        "b": 0.16656880915029904,
        "p": 0.833431190849701
    },
    "Q_p": {
        "b": 9.333333333333334e-05,
        "p": 0.9999066666666667
    },
    "Q_pb": {
        "b": 0.2532882597656402,
        "p": 0.7467117402343598
    }
}